<?xml version="1.0" encoding="utf-8" ?>
<dwsync>
<file name="about01.jpg" server="C:/wamp/www/alumni/" local="129885860500000000" remote="129885860500000000" Dst="2" />
<file name="about02.jpg" server="C:/wamp/www/alumni/" local="129885872460000000" remote="129885872460000000" Dst="2" />
<file name="about03.jpg" server="C:/wamp/www/alumni/" local="129885875900000000" remote="129885875900000000" Dst="2" />
<file name="about04.jpg" server="C:/wamp/www/alumni/" local="129885874100000000" remote="129885874100000000" Dst="2" />
<file name="about_but.png" server="C:/wamp/www/alumni/" local="130678007440000000" remote="130678007440000000" Dst="2" />
<file name="bg1.jpg" server="C:/wamp/www/alumni/" local="130678009180000000" remote="130678009180000000" Dst="2" />
<file name="button1.png" server="C:/wamp/www/alumni/" local="129848024000000000" remote="129848024000000000" Dst="2" />
<file name="close.png" server="C:/wamp/www/alumni/" local="129848024000000000" remote="129848024000000000" Dst="2" />
<file name="col0.png" server="C:/wamp/www/alumni/" local="129848024020000000" remote="129848024020000000" Dst="2" />
<file name="contact_but.png" server="C:/wamp/www/alumni/" local="130678006380000000" remote="130678006380000000" Dst="2" />
<file name="content_bg.jpg" server="C:/wamp/www/alumni/" local="130680786780000000" remote="130680786780000000" Dst="2" />
<file name="grad1.png" server="C:/wamp/www/alumni/" local="129848024060000000" remote="129848024060000000" Dst="2" />
<file name="jspDrag.png" server="C:/wamp/www/alumni/" local="130680795740000000" remote="130680795740000000" Dst="2" />
<file name="jspTrack.png" server="C:/wamp/www/alumni/" local="129848024080000000" remote="129848024080000000" Dst="2" />
<file name="line1_px.png" server="C:/wamp/www/alumni/" local="129848024120000000" remote="129848024120000000" Dst="2" />
<file name="li_line1.png" server="C:/wamp/www/alumni/" local="129848024080000000" remote="129848024080000000" Dst="2" />
<file name="li_st1.png" server="C:/wamp/www/alumni/" local="130680794000000000" remote="130680794000000000" Dst="2" />
<file name="li_st1_over.png" server="C:/wamp/www/alumni/" local="130680794100000000" remote="130680794100000000" Dst="2" />
<file name="loader.gif" server="C:/wamp/www/alumni/" local="129848024120000000" remote="129848024120000000" Dst="2" />
<file name="products00.jpg" server="C:/wamp/www/alumni/" local="129885984860000000" remote="129885984860000000" Dst="2" />
<file name="products01.jpg" server="C:/wamp/www/alumni/" local="129886008860000000" remote="129886008860000000" Dst="2" />
<file name="products02.jpg" server="C:/wamp/www/alumni/" local="129885994980000000" remote="129885994980000000" Dst="2" />
<file name="products03.jpg" server="C:/wamp/www/alumni/" local="129885985700000000" remote="129885985700000000" Dst="2" />
<file name="products04.jpg" server="C:/wamp/www/alumni/" local="129885989900000000" remote="129885989900000000" Dst="2" />
<file name="products05.jpg" server="C:/wamp/www/alumni/" local="129885994400000000" remote="129885994400000000" Dst="2" />
<file name="products06.jpg" server="C:/wamp/www/alumni/" local="129885982560000000" remote="129885982560000000" Dst="2" />
<file name="products07.jpg" server="C:/wamp/www/alumni/" local="129885982180000000" remote="129885982180000000" Dst="2" />
<file name="products08.jpg" server="C:/wamp/www/alumni/" local="129886009420000000" remote="129886009420000000" Dst="2" />
<file name="products_but.png" server="C:/wamp/www/alumni/" local="130678005620000000" remote="130678005620000000" Dst="2" />
<file name="projects01.jpg" server="C:/wamp/www/alumni/" local="129886183040000000" remote="129886183040000000" Dst="2" />
<file name="projects01_big.jpg" server="C:/wamp/www/alumni/" local="129886182880000000" remote="129886182880000000" Dst="2" />
<file name="projects02.jpg" server="C:/wamp/www/alumni/" local="129886181100000000" remote="129886181100000000" Dst="2" />
<file name="projects02_big.jpg" server="C:/wamp/www/alumni/" local="129886180760000000" remote="129886180760000000" Dst="2" />
<file name="projects03.jpg" server="C:/wamp/www/alumni/" local="129886177380000000" remote="129886177380000000" Dst="2" />
<file name="projects03_big.jpg" server="C:/wamp/www/alumni/" local="129886177140000000" remote="129886177140000000" Dst="2" />
<file name="projects04.jpg" server="C:/wamp/www/alumni/" local="129886187180000000" remote="129886187180000000" Dst="2" />
<file name="projects05.jpg" server="C:/wamp/www/alumni/" local="129886199520000000" remote="129886199520000000" Dst="2" />
<file name="projects06.jpg" server="C:/wamp/www/alumni/" local="129886200100000000" remote="129886200100000000" Dst="2" />
<file name="projects_but.png" server="C:/wamp/www/alumni/" local="130678005080000000" remote="130678005080000000" Dst="2" />
<file name="services01.jpg" server="C:/wamp/www/alumni/" local="129885974860000000" remote="129885974860000000" Dst="2" />
<file name="services02.jpg" server="C:/wamp/www/alumni/" local="129885976860000000" remote="129885976860000000" Dst="2" />
<file name="services03.jpg" server="C:/wamp/www/alumni/" local="129885977840000000" remote="129885977840000000" Dst="2" />
<file name="services04.jpg" server="C:/wamp/www/alumni/" local="129848024760000000" remote="129848024760000000" Dst="2" />
<file name="services05.jpg" server="C:/wamp/www/alumni/" local="129885976140000000" remote="129885976140000000" Dst="2" />
<file name="services06.jpg" server="C:/wamp/www/alumni/" local="129848024780000000" remote="129848024780000000" Dst="2" />
<file name="services_but.png" server="C:/wamp/www/alumni/" local="130678007120000000" remote="130678007120000000" Dst="2" />
<file name="sh1.png" server="C:/wamp/www/alumni/" local="129848024800000000" remote="129848024800000000" Dst="2" />
<file name="social_ic1.png" server="C:/wamp/www/alumni/" local="129848024800000000" remote="129848024800000000" Dst="2" />
<file name="social_ic2.png" server="C:/wamp/www/alumni/" local="129848024820000000" remote="129848024820000000" Dst="2" />
<file name="social_ic3.png" server="C:/wamp/www/alumni/" local="129848024820000000" remote="129848024820000000" Dst="2" />
<file name="social_ic4.png" server="C:/wamp/www/alumni/" local="129848024840000000" remote="129848024840000000" Dst="2" />
<file name="submit.png" server="C:/wamp/www/alumni/" local="130021785220000000" remote="130021785220000000" Dst="2" />
<file name="templatemo_bg.jpg" server="C:/wamp/www/card/" local="131162054240000000" remote="131162054240000000" Dst="1" />
<file name="templatemo_more.png" server="C:/wamp/www/card/" local="129389300960000000" remote="129389300960000000" Dst="1" />
<file name="templatemo_more_hover.png" server="C:/wamp/www/card/" local="129389300780000000" remote="129389300780000000" Dst="1" />
<file name="templatemo_list.png" server="C:/wamp/www/card/" local="129389250700000000" remote="129389250700000000" Dst="1" />
<file name="templatemo_header.jpg" server="C:/wamp/www/card/" local="131162054160000000" remote="131162054160000000" Dst="1" />
<file name="templatemo_footer.png" server="C:/wamp/www/card/" local="131162054340000000" remote="131162054340000000" Dst="1" />
<file name="niger poly.gif" server="C:/wamp/www/card/" local="131255067081473834" remote="131255067080000000" Dst="1" />
<file name="1_64x64.png" server="C:/wamp/www/card/" local="129230573560000000" remote="129230573560000000" Dst="1" />
<file name="29_64x64.png" server="C:/wamp/www/card/" local="129246886860000000" remote="129246886860000000" Dst="1" />
<file name="map_thumb.jpg" server="C:/wamp/www/card/" local="129215823760000000" remote="129215823760000000" Dst="1" />
<file name="AGP1.JPG" server="C:/wamp/www/card/" local="131254760809719682" remote="131254760800000000" Dst="1" />
<file name="32_64x64.png" server="C:/wamp/www/card/" local="129246887260000000" remote="129246887260000000" Dst="1" />
<file name="50_64x64.png" server="C:/wamp/www/card/" local="129246888600000000" remote="129246888600000000" Dst="1" />
<file name="templatemo_bg.jpg" server="C:/wamp/www/CARIAL/" local="131162054240000000" remote="131162054240000000" Dst="1" />
<file name="templatemo_more.png" server="C:/wamp/www/CARIAL/" local="129389300960000000" remote="129389300960000000" Dst="1" />
<file name="templatemo_more_hover.png" server="C:/wamp/www/CARIAL/" local="129389300780000000" remote="129389300780000000" Dst="1" />
<file name="templatemo_list.png" server="C:/wamp/www/CARIAL/" local="129389250700000000" remote="129389250700000000" Dst="1" />
<file name="templatemo_header.jpg" server="C:/wamp/www/CARIAL/" local="131162054160000000" remote="131162054160000000" Dst="1" />
<file name="templatemo_footer.png" server="C:/wamp/www/CARIAL/" local="131162054340000000" remote="131162054340000000" Dst="1" />
<file name="map_thumb.jpg" server="C:/wamp/www/CARIAL/" local="129215823760000000" remote="129215823760000000" Dst="1" />
<file name="AGP1.JPG" server="C:/wamp/www/CARIAL/" local="131254760809719682" remote="131254760800000000" Dst="1" />
<file name="niger poly.gif" server="C:/wamp/www/CARIAL/" local="131255067081473834" remote="131255067080000000" Dst="1" />
<file name="1_64x64.png" server="C:/wamp/www/CARIAL/" local="129230573560000000" remote="129230573560000000" Dst="1" />
<file name="29_64x64.png" server="C:/wamp/www/CARIAL/" local="129246886860000000" remote="129246886860000000" Dst="1" />
<file name="32_64x64.png" server="C:/wamp/www/CARIAL/" local="129246887260000000" remote="129246887260000000" Dst="1" />
<file name="50_64x64.png" server="C:/wamp/www/CARIAL/" local="129246888600000000" remote="129246888600000000" Dst="1" />
<file name="templatemo_bg.jpg" server="C:/wamp/www/calendar/" local="131162054240000000" remote="131162054240000000" Dst="2" />
<file name="templatemo_more.png" server="C:/wamp/www/calendar/" local="129389300960000000" remote="129389300960000000" Dst="2" />
<file name="templatemo_more_hover.png" server="C:/wamp/www/calendar/" local="129389300780000000" remote="129389300780000000" Dst="2" />
<file name="templatemo_list.png" server="C:/wamp/www/calendar/" local="129389250700000000" remote="129389250700000000" Dst="2" />
<file name="templatemo_header.jpg" server="C:/wamp/www/calendar/" local="131162054160000000" remote="131162054160000000" Dst="2" />
<file name="templatemo_footer.png" server="C:/wamp/www/calendar/" local="131162054340000000" remote="131162054340000000" Dst="2" />
<file name="map_thumb.jpg" server="C:/wamp/www/calendar/" local="129215823760000000" remote="129215823760000000" Dst="2" />
<file name="AGP1.JPG" server="C:/wamp/www/calendar/" local="131497693578347243" remote="131497693570000000" Dst="2" />
<file name="1_64x64.png" server="C:/wamp/www/calendar/" local="129230573560000000" remote="129230573560000000" Dst="2" />
<file name="29_64x64.png" server="C:/wamp/www/calendar/" local="129246886860000000" remote="129246886860000000" Dst="2" />
<file name="32_64x64.png" server="C:/wamp/www/calendar/" local="129246887260000000" remote="129246887260000000" Dst="2" />
<file name="50_64x64.png" server="C:/wamp/www/calendar/" local="129246888600000000" remote="129246888600000000" Dst="2" />
<file name="about01.jpg" server="C:/wamp/www/calendar/" local="129885860500000000" remote="129885860500000000" Dst="2" />
<file name="about02.jpg" server="C:/wamp/www/calendar/" local="129885872460000000" remote="129885872460000000" Dst="2" />
<file name="about03.jpg" server="C:/wamp/www/calendar/" local="129885875900000000" remote="129885875900000000" Dst="2" />
<file name="about04.jpg" server="C:/wamp/www/calendar/" local="129885874100000000" remote="129885874100000000" Dst="2" />
<file name="about_but.png" server="C:/wamp/www/calendar/" local="130678007440000000" remote="130678007440000000" Dst="2" />
<file name="avator.png" server="C:/wamp/www/calendar/" local="129384664440000000" remote="129384664440000000" Dst="2" />
<file name="bg1.jpg" server="C:/wamp/www/calendar/" local="130678009180000000" remote="130678009180000000" Dst="2" />
<file name="button1.png" server="C:/wamp/www/calendar/" local="129848024000000000" remote="129848024000000000" Dst="2" />
<file name="close.png" server="C:/wamp/www/calendar/" local="129848024000000000" remote="129848024000000000" Dst="2" />
<file name="col0.png" server="C:/wamp/www/calendar/" local="129848024020000000" remote="129848024020000000" Dst="2" />
<file name="contact_but.png" server="C:/wamp/www/calendar/" local="130678006380000000" remote="130678006380000000" Dst="2" />
<file name="content_bg.jpg" server="C:/wamp/www/calendar/" local="130680786780000000" remote="130680786780000000" Dst="2" />
<file name="facebook.png" server="C:/wamp/www/calendar/" local="128599911780000000" remote="128599911780000000" Dst="2" />
<file name="fut logo.png" server="C:/wamp/www/calendar/" local="129458732240000000" remote="129458732240000000" Dst="2" />
<file name="grad1.png" server="C:/wamp/www/calendar/" local="129848024060000000" remote="129848024060000000" Dst="2" />
<file name="jspDrag.png" server="C:/wamp/www/calendar/" local="130680795740000000" remote="130680795740000000" Dst="2" />
<file name="jspTrack.png" server="C:/wamp/www/calendar/" local="129848024080000000" remote="129848024080000000" Dst="2" />
<file name="line1_px.png" server="C:/wamp/www/calendar/" local="129848024120000000" remote="129848024120000000" Dst="2" />
<file name="linkedin.png" server="C:/wamp/www/calendar/" local="128599911780000000" remote="128599911780000000" Dst="2" />
<file name="li_line1.png" server="C:/wamp/www/calendar/" local="129848024080000000" remote="129848024080000000" Dst="2" />
<file name="li_st1.png" server="C:/wamp/www/calendar/" local="130680794000000000" remote="130680794000000000" Dst="2" />
<file name="li_st1_over.png" server="C:/wamp/www/calendar/" local="130680794100000000" remote="130680794100000000" Dst="2" />
<file name="loader.gif" server="C:/wamp/www/calendar/" local="129848024120000000" remote="129848024120000000" Dst="2" />
<file name="logo.jpg" server="C:/wamp/www/calendar/" local="130212336580000000" remote="130212336580000000" Dst="2" />
<file name="map_big.jpg" server="C:/wamp/www/calendar/" local="129215823760000000" remote="129215823760000000" Dst="2" />
<file name="myspace.png" server="C:/wamp/www/calendar/" local="128599911780000000" remote="128599911780000000" Dst="2" />
<file name="niger poly.gif" server="C:/wamp/www/calendar/" local="131255067081473834" remote="131255067080000000" Dst="2" />
<file name="niger poly.jpg" server="C:/wamp/www/calendar/" local="131255064211406174" remote="131255064210000000" Dst="2" />
<file name="office.jpg" server="C:/wamp/www/calendar/" local="130514461640000000" remote="130514461640000000" Dst="2" />
<file name="products00.jpg" server="C:/wamp/www/calendar/" local="129885984860000000" remote="129885984860000000" Dst="2" />
<file name="products01.jpg" server="C:/wamp/www/calendar/" local="129886008860000000" remote="129886008860000000" Dst="2" />
<file name="products02.jpg" server="C:/wamp/www/calendar/" local="129885994980000000" remote="129885994980000000" Dst="2" />
<file name="products03.jpg" server="C:/wamp/www/calendar/" local="129885985700000000" remote="129885985700000000" Dst="2" />
<file name="products04.jpg" server="C:/wamp/www/calendar/" local="129885989900000000" remote="129885989900000000" Dst="2" />
<file name="products05.jpg" server="C:/wamp/www/calendar/" local="129885994400000000" remote="129885994400000000" Dst="2" />
<file name="products06.jpg" server="C:/wamp/www/calendar/" local="129885982560000000" remote="129885982560000000" Dst="2" />
<file name="products07.jpg" server="C:/wamp/www/calendar/" local="129885982180000000" remote="129885982180000000" Dst="2" />
<file name="products08.jpg" server="C:/wamp/www/calendar/" local="129886009420000000" remote="129886009420000000" Dst="2" />
<file name="products_but.png" server="C:/wamp/www/calendar/" local="130678005620000000" remote="130678005620000000" Dst="2" />
<file name="projects01.jpg" server="C:/wamp/www/calendar/" local="129886183040000000" remote="129886183040000000" Dst="2" />
<file name="projects01_big.jpg" server="C:/wamp/www/calendar/" local="129886182880000000" remote="129886182880000000" Dst="2" />
<file name="projects02.jpg" server="C:/wamp/www/calendar/" local="129886181100000000" remote="129886181100000000" Dst="2" />
<file name="projects02_big.jpg" server="C:/wamp/www/calendar/" local="129886180760000000" remote="129886180760000000" Dst="2" />
<file name="projects03.jpg" server="C:/wamp/www/calendar/" local="129886177380000000" remote="129886177380000000" Dst="2" />
<file name="projects03_big.jpg" server="C:/wamp/www/calendar/" local="129886177140000000" remote="129886177140000000" Dst="2" />
<file name="projects04.jpg" server="C:/wamp/www/calendar/" local="129886187180000000" remote="129886187180000000" Dst="2" />
<file name="projects05.jpg" server="C:/wamp/www/calendar/" local="129886199520000000" remote="129886199520000000" Dst="2" />
<file name="projects06.jpg" server="C:/wamp/www/calendar/" local="129886200100000000" remote="129886200100000000" Dst="2" />
<file name="projects_but.png" server="C:/wamp/www/calendar/" local="130678005080000000" remote="130678005080000000" Dst="2" />
<file name="services01.jpg" server="C:/wamp/www/calendar/" local="129885974860000000" remote="129885974860000000" Dst="2" />
<file name="services02.jpg" server="C:/wamp/www/calendar/" local="129885976860000000" remote="129885976860000000" Dst="2" />
<file name="services03.jpg" server="C:/wamp/www/calendar/" local="129885977840000000" remote="129885977840000000" Dst="2" />
<file name="services04.jpg" server="C:/wamp/www/calendar/" local="129848024760000000" remote="129848024760000000" Dst="2" />
<file name="services05.jpg" server="C:/wamp/www/calendar/" local="129885976140000000" remote="129885976140000000" Dst="2" />
<file name="services06.jpg" server="C:/wamp/www/calendar/" local="129848024780000000" remote="129848024780000000" Dst="2" />
<file name="services_but.png" server="C:/wamp/www/calendar/" local="130678007120000000" remote="130678007120000000" Dst="2" />
<file name="sh1.png" server="C:/wamp/www/calendar/" local="129848024800000000" remote="129848024800000000" Dst="2" />
<file name="social_ic1.png" server="C:/wamp/www/calendar/" local="129848024800000000" remote="129848024800000000" Dst="2" />
<file name="social_ic2.png" server="C:/wamp/www/calendar/" local="129848024820000000" remote="129848024820000000" Dst="2" />
<file name="social_ic3.png" server="C:/wamp/www/calendar/" local="129848024820000000" remote="129848024820000000" Dst="2" />
<file name="social_ic4.png" server="C:/wamp/www/calendar/" local="129848024840000000" remote="129848024840000000" Dst="2" />
<file name="submit.png" server="C:/wamp/www/calendar/" local="130021785220000000" remote="130021785220000000" Dst="2" />
<file name="templatemo_logo.png" server="C:/wamp/www/calendar/" local="130289734300000000" remote="130289734300000000" Dst="2" />
<file name="templatemo_logo_PNG_source.png" server="C:/wamp/www/calendar/" local="130289734300000000" remote="130289734300000000" Dst="2" />
<file name="twitter.png" server="C:/wamp/www/calendar/" local="128599911780000000" remote="128599911780000000" Dst="2" />
<file name="users.png" server="C:/wamp/www/calendar/" local="129706552840000000" remote="129706552840000000" Dst="2" />
<file name="youtube.png" server="C:/wamp/www/calendar/" local="128599911780000000" remote="128599911780000000" Dst="2" />
<file name="templatemo_bg.jpg" server="C:/wamp/www/advanceportal/" local="131162054240000000" remote="131162054240000000" Dst="2" />
<file name="templatemo_more.png" server="C:/wamp/www/advanceportal/" local="129389300960000000" remote="129389300960000000" Dst="2" />
<file name="templatemo_more_hover.png" server="C:/wamp/www/advanceportal/" local="129389300780000000" remote="129389300780000000" Dst="2" />
<file name="templatemo_list.png" server="C:/wamp/www/advanceportal/" local="129389250700000000" remote="129389250700000000" Dst="2" />
<file name="templatemo_header.jpg" server="C:/wamp/www/advanceportal/" local="131162054160000000" remote="131162054160000000" Dst="2" />
<file name="templatemo_footer.png" server="C:/wamp/www/advanceportal/" local="131162054340000000" remote="131162054340000000" Dst="2" />
<file name="AGP1.JPG" server="C:/wamp/www/advanceportal/" local="131497693578347243" remote="131497693570000000" Dst="2" />
<file name="body-bg.gif" server="C:/wamp/www/accommodation/" local="128951615460000000" remote="128951615460000000" Dst="0" />
<file name="button-side.gif" server="C:/wamp/www/accommodation/" local="128951646720000000" remote="128951646720000000" Dst="0" />
<file name="button-bg.gif" server="C:/wamp/www/accommodation/" local="128951646840000000" remote="128951646840000000" Dst="0" />
<file name="line-ver.gif" server="C:/wamp/www/accommodation/" local="128951653920000000" remote="128951653920000000" Dst="0" />
<file name="banner.jpg" server="C:/wamp/www/accommodation/" local="129976804660000000" remote="129976804660000000" Dst="0" />
<file name="nav-bg1.png" server="C:/wamp/www/accommodation/" local="128951633080000000" remote="128951633080000000" Dst="0" />
<file name="nav-bg2.png" server="C:/wamp/www/accommodation/" local="128951634700000000" remote="128951634700000000" Dst="0" />
<file name="content-bg.png" server="C:/wamp/www/accommodation/" local="128951636780000000" remote="128951636780000000" Dst="0" />
<file name="bull1.gif" server="C:/wamp/www/accommodation/" local="128951655240000000" remote="128951655240000000" Dst="0" />
<file name="img-wrapper.png" server="C:/wamp/www/accommodation/" local="128951667500000000" remote="128951667500000000" Dst="0" />
<file name="AGP1.JPG" server="C:/wamp/www/accommodation/" local="131853992764436602" remote="131853992760000000" Dst="0" />
<file name="adminuser.png" server="C:/wamp/www/accommodation/" local="127817387520000000" remote="127817387520000000" Dst="0" />
<file name="1_64x64.png" server="C:/wamp/www/accommodation/" local="129230573560000000" remote="129230573560000000" Dst="2" />
<file name="29_64x64.png" server="C:/wamp/www/accommodation/" local="129246886860000000" remote="129246886860000000" Dst="2" />
<file name="32_64x64.png" server="C:/wamp/www/accommodation/" local="129246887260000000" remote="129246887260000000" Dst="2" />
<file name="50_64x64.png" server="C:/wamp/www/accommodation/" local="129246888600000000" remote="129246888600000000" Dst="2" />
<file name="about01.jpg" server="C:/wamp/www/accommodation/" local="129885860500000000" remote="129885860500000000" Dst="2" />
<file name="about02.jpg" server="C:/wamp/www/accommodation/" local="129885872460000000" remote="129885872460000000" Dst="2" />
<file name="about03.jpg" server="C:/wamp/www/accommodation/" local="129885875900000000" remote="129885875900000000" Dst="2" />
<file name="about04.jpg" server="C:/wamp/www/accommodation/" local="129885874100000000" remote="129885874100000000" Dst="2" />
<file name="about_but.png" server="C:/wamp/www/accommodation/" local="130678007440000000" remote="130678007440000000" Dst="2" />
<file name="avator.png" server="C:/wamp/www/accommodation/" local="129384664440000000" remote="129384664440000000" Dst="2" />
<file name="bg1.jpg" server="C:/wamp/www/accommodation/" local="130678009180000000" remote="130678009180000000" Dst="2" />
<file name="button1.png" server="C:/wamp/www/accommodation/" local="129848024000000000" remote="129848024000000000" Dst="2" />
<file name="close.png" server="C:/wamp/www/accommodation/" local="129848024000000000" remote="129848024000000000" Dst="2" />
<file name="col0.png" server="C:/wamp/www/accommodation/" local="129848024020000000" remote="129848024020000000" Dst="2" />
<file name="contact_but.png" server="C:/wamp/www/accommodation/" local="130678006380000000" remote="130678006380000000" Dst="2" />
<file name="content_bg.jpg" server="C:/wamp/www/accommodation/" local="130680786780000000" remote="130680786780000000" Dst="2" />
<file name="facebook.png" server="C:/wamp/www/accommodation/" local="128599911780000000" remote="128599911780000000" Dst="2" />
<file name="fut logo.png" server="C:/wamp/www/accommodation/" local="129458732240000000" remote="129458732240000000" Dst="2" />
<file name="grad1.png" server="C:/wamp/www/accommodation/" local="129848024060000000" remote="129848024060000000" Dst="2" />
<file name="img-empty.png" server="C:/wamp/www/accommodation/" local="128951734180000000" remote="128951734180000000" Dst="2" />
<file name="jspDrag.png" server="C:/wamp/www/accommodation/" local="130680795740000000" remote="130680795740000000" Dst="2" />
<file name="jspTrack.png" server="C:/wamp/www/accommodation/" local="129848024080000000" remote="129848024080000000" Dst="2" />
<file name="line1_px.png" server="C:/wamp/www/accommodation/" local="129848024120000000" remote="129848024120000000" Dst="2" />
<file name="linkedin.png" server="C:/wamp/www/accommodation/" local="128599911780000000" remote="128599911780000000" Dst="2" />
<file name="li_line1.png" server="C:/wamp/www/accommodation/" local="129848024080000000" remote="129848024080000000" Dst="2" />
<file name="li_st1.png" server="C:/wamp/www/accommodation/" local="130680794000000000" remote="130680794000000000" Dst="2" />
<file name="li_st1_over.png" server="C:/wamp/www/accommodation/" local="130680794100000000" remote="130680794100000000" Dst="2" />
<file name="loader.gif" server="C:/wamp/www/accommodation/" local="129848024120000000" remote="129848024120000000" Dst="2" />
<file name="logo.jpg" server="C:/wamp/www/accommodation/" local="130212336580000000" remote="130212336580000000" Dst="2" />
<file name="map_big.jpg" server="C:/wamp/www/accommodation/" local="129215823760000000" remote="129215823760000000" Dst="2" />
<file name="map_thumb.jpg" server="C:/wamp/www/accommodation/" local="129215823760000000" remote="129215823760000000" Dst="2" />
<file name="myspace.png" server="C:/wamp/www/accommodation/" local="128599911780000000" remote="128599911780000000" Dst="2" />
<file name="next.png" server="C:/wamp/www/accommodation/" local="128951716500000000" remote="128951716500000000" Dst="2" />
<file name="niger poly.gif" server="C:/wamp/www/accommodation/" local="131255067081473834" remote="131255067080000000" Dst="2" />
<file name="niger poly.jpg" server="C:/wamp/www/accommodation/" local="131255064211406174" remote="131255064210000000" Dst="2" />
<file name="office.jpg" server="C:/wamp/www/accommodation/" local="130514461640000000" remote="130514461640000000" Dst="2" />
<file name="prev.png" server="C:/wamp/www/accommodation/" local="128951716420000000" remote="128951716420000000" Dst="2" />
<file name="products00.jpg" server="C:/wamp/www/accommodation/" local="129885984860000000" remote="129885984860000000" Dst="2" />
<file name="products01.jpg" server="C:/wamp/www/accommodation/" local="129886008860000000" remote="129886008860000000" Dst="2" />
<file name="products02.jpg" server="C:/wamp/www/accommodation/" local="129885994980000000" remote="129885994980000000" Dst="2" />
<file name="products03.jpg" server="C:/wamp/www/accommodation/" local="129885985700000000" remote="129885985700000000" Dst="2" />
<file name="products04.jpg" server="C:/wamp/www/accommodation/" local="129885989900000000" remote="129885989900000000" Dst="2" />
<file name="products05.jpg" server="C:/wamp/www/accommodation/" local="129885994400000000" remote="129885994400000000" Dst="2" />
<file name="products06.jpg" server="C:/wamp/www/accommodation/" local="129885982560000000" remote="129885982560000000" Dst="2" />
<file name="products07.jpg" server="C:/wamp/www/accommodation/" local="129885982180000000" remote="129885982180000000" Dst="2" />
<file name="products08.jpg" server="C:/wamp/www/accommodation/" local="129886009420000000" remote="129886009420000000" Dst="2" />
<file name="products_but.png" server="C:/wamp/www/accommodation/" local="130678005620000000" remote="130678005620000000" Dst="2" />
<file name="projects01.jpg" server="C:/wamp/www/accommodation/" local="129886183040000000" remote="129886183040000000" Dst="2" />
<file name="projects01_big.jpg" server="C:/wamp/www/accommodation/" local="129886182880000000" remote="129886182880000000" Dst="2" />
<file name="projects02.jpg" server="C:/wamp/www/accommodation/" local="129886181100000000" remote="129886181100000000" Dst="2" />
<file name="projects02_big.jpg" server="C:/wamp/www/accommodation/" local="129886180760000000" remote="129886180760000000" Dst="2" />
<file name="projects03.jpg" server="C:/wamp/www/accommodation/" local="129886177380000000" remote="129886177380000000" Dst="2" />
<file name="projects03_big.jpg" server="C:/wamp/www/accommodation/" local="129886177140000000" remote="129886177140000000" Dst="2" />
<file name="projects04.jpg" server="C:/wamp/www/accommodation/" local="129886187180000000" remote="129886187180000000" Dst="2" />
<file name="projects05.jpg" server="C:/wamp/www/accommodation/" local="129886199520000000" remote="129886199520000000" Dst="2" />
<file name="projects06.jpg" server="C:/wamp/www/accommodation/" local="129886200100000000" remote="129886200100000000" Dst="2" />
<file name="projects_but.png" server="C:/wamp/www/accommodation/" local="130678005080000000" remote="130678005080000000" Dst="2" />
<file name="services01.jpg" server="C:/wamp/www/accommodation/" local="129885974860000000" remote="129885974860000000" Dst="2" />
<file name="services02.jpg" server="C:/wamp/www/accommodation/" local="129885976860000000" remote="129885976860000000" Dst="2" />
<file name="services03.jpg" server="C:/wamp/www/accommodation/" local="129885977840000000" remote="129885977840000000" Dst="2" />
<file name="services04.jpg" server="C:/wamp/www/accommodation/" local="129848024760000000" remote="129848024760000000" Dst="2" />
<file name="services05.jpg" server="C:/wamp/www/accommodation/" local="129885976140000000" remote="129885976140000000" Dst="2" />
<file name="services06.jpg" server="C:/wamp/www/accommodation/" local="129848024780000000" remote="129848024780000000" Dst="2" />
<file name="services_but.png" server="C:/wamp/www/accommodation/" local="130678007120000000" remote="130678007120000000" Dst="2" />
<file name="sh1.png" server="C:/wamp/www/accommodation/" local="129848024800000000" remote="129848024800000000" Dst="2" />
<file name="social_ic1.png" server="C:/wamp/www/accommodation/" local="129848024800000000" remote="129848024800000000" Dst="2" />
<file name="social_ic2.png" server="C:/wamp/www/accommodation/" local="129848024820000000" remote="129848024820000000" Dst="2" />
<file name="social_ic3.png" server="C:/wamp/www/accommodation/" local="129848024820000000" remote="129848024820000000" Dst="2" />
<file name="social_ic4.png" server="C:/wamp/www/accommodation/" local="129848024840000000" remote="129848024840000000" Dst="2" />
<file name="spacer.gif" server="C:/wamp/www/accommodation/" local="128312264480000000" remote="128312264480000000" Dst="2" />
<file name="submit.png" server="C:/wamp/www/accommodation/" local="130021785220000000" remote="130021785220000000" Dst="2" />
<file name="templatemo_bg.jpg" server="C:/wamp/www/accommodation/" local="131162054240000000" remote="131162054240000000" Dst="2" />
<file name="templatemo_footer.png" server="C:/wamp/www/accommodation/" local="131162054340000000" remote="131162054340000000" Dst="2" />
<file name="templatemo_header.jpg" server="C:/wamp/www/accommodation/" local="131162054160000000" remote="131162054160000000" Dst="2" />
<file name="templatemo_list.png" server="C:/wamp/www/accommodation/" local="129389250700000000" remote="129389250700000000" Dst="2" />
<file name="templatemo_logo.png" server="C:/wamp/www/accommodation/" local="130289734300000000" remote="130289734300000000" Dst="2" />
<file name="templatemo_logo_PNG_source.png" server="C:/wamp/www/accommodation/" local="130289734300000000" remote="130289734300000000" Dst="2" />
<file name="templatemo_more.png" server="C:/wamp/www/accommodation/" local="129389300960000000" remote="129389300960000000" Dst="2" />
<file name="templatemo_more_hover.png" server="C:/wamp/www/accommodation/" local="129389300780000000" remote="129389300780000000" Dst="2" />
<file name="twitter.png" server="C:/wamp/www/accommodation/" local="128599911780000000" remote="128599911780000000" Dst="2" />
<file name="users.png" server="C:/wamp/www/accommodation/" local="129706552840000000" remote="129706552840000000" Dst="2" />
<file name="youtube.png" server="C:/wamp/www/accommodation/" local="128599911780000000" remote="128599911780000000" Dst="2" />
<file name="IMG_20170916_123655.jpg" server="C:/wamp/www/accommodation/" local="131500805996612083" remote="131500805990000000" Dst="2" />
<file name="IMG_20170916_123701.jpg" server="C:/wamp/www/accommodation/" local="131500806004413256" remote="131500806000000000" Dst="2" />
<file name="IMG_20170916_124049.jpg" server="C:/wamp/www/accommodation/" local="131500806012064423" remote="131500806010000000" Dst="2" />
<file name="IMG_20170916_124132.jpg" server="C:/wamp/www/accommodation/" local="131500806015064906" remote="131500806010000000" Dst="2" />
<file name="IMG_20170916_124811.jpg" server="C:/wamp/www/accommodation/" local="131500806022515988" remote="131500806020000000" Dst="2" />
<file name="IMG_20170916_124815.jpg" server="C:/wamp/www/accommodation/" local="131500806030017142" remote="131500806030000000" Dst="2" />
<file name="IMG_20170916_124817.jpg" server="C:/wamp/www/accommodation/" local="131500806037468266" remote="131500806030000000" Dst="2" />
<file name="IMG_20170916_124819.jpg" server="C:/wamp/www/accommodation/" local="131500806045019389" remote="131500806040000000" Dst="2" />
<file name="IMG_20170916_124827.jpg" server="C:/wamp/www/accommodation/" local="131500806048019842" remote="131500806040000000" Dst="2" />
<file name="IMG_20170916_124942.jpg" server="C:/wamp/www/accommodation/" local="131500806050970287" remote="131500806050000000" Dst="2" />
<file name="AGP1-tn.JPG" server="C:/wamp/www/accommodation/" local="131853992764436602" remote="131853992760000000" Dst="0" />
<file name="IMG_20170916_123655-tn.jpg" server="C:/wamp/www/accommodation/" local="131500806059471579" remote="131500806050000000" Dst="2" />
<file name="IMG_20170916_123701-tn.jpg" server="C:/wamp/www/accommodation/" local="131500806065622507" remote="131500806060000000" Dst="2" />
<file name="IMG_20170916_124049-tn.jpg" server="C:/wamp/www/accommodation/" local="131500806071573405" remote="131500806070000000" Dst="2" />
<file name="IMG_20170916_124132-tn.jpg" server="C:/wamp/www/accommodation/" local="131500806073823732" remote="131500806070000000" Dst="2" />
<file name="IMG_20170916_124811-tn.jpg" server="C:/wamp/www/accommodation/" local="131500806079824651" remote="131500806070000000" Dst="2" />
<file name="IMG_20170916_124815-tn.jpg" server="C:/wamp/www/accommodation/" local="131500806086325627" remote="131500806080000000" Dst="2" />
<file name="IMG_20170916_124817-tn.jpg" server="C:/wamp/www/accommodation/" local="131500806092326529" remote="131500806090000000" Dst="2" />
<file name="IMG_20170916_124819-tn.jpg" server="C:/wamp/www/accommodation/" local="131500806098327443" remote="131500806090000000" Dst="2" />
<file name="IMG_20170916_124827-tn.jpg" server="C:/wamp/www/accommodation/" local="131500806100677798" remote="131500806100000000" Dst="2" />
<file name="IMG_20170916_124942-tn.jpg" server="C:/wamp/www/accommodation/" local="131500806102978141" remote="131500806100000000" Dst="2" />
</dwsync>