<?xml version="1.0" encoding="utf-8" ?>
<dwsync>
<file name="default_thumb.png" server="C:/wamp/www/alumni/" local="129848024360000000" remote="129848024360000000" Dst="2" />
<file name="loader.gif" server="C:/wamp/www/alumni/" local="129848024380000000" remote="129848024380000000" Dst="2" />
<file name="sprite.png" server="C:/wamp/www/alumni/" local="129848024420000000" remote="129848024420000000" Dst="2" />
<file name="sprite_next.png" server="C:/wamp/www/alumni/" local="129848024380000000" remote="129848024380000000" Dst="2" />
<file name="sprite_prev.png" server="C:/wamp/www/alumni/" local="129848024400000000" remote="129848024400000000" Dst="2" />
<file name="sprite_x.png" server="C:/wamp/www/alumni/" local="129848024400000000" remote="129848024400000000" Dst="2" />
<file name="sprite_y.png" server="C:/wamp/www/alumni/" local="129848024420000000" remote="129848024420000000" Dst="2" />
<file name="default_thumb.png" server="C:/wamp/www/calendar/" local="129848024360000000" remote="129848024360000000" Dst="2" />
<file name="loader.gif" server="C:/wamp/www/calendar/" local="129848024380000000" remote="129848024380000000" Dst="2" />
<file name="sprite.png" server="C:/wamp/www/calendar/" local="129848024420000000" remote="129848024420000000" Dst="2" />
<file name="sprite_next.png" server="C:/wamp/www/calendar/" local="129848024380000000" remote="129848024380000000" Dst="2" />
<file name="sprite_prev.png" server="C:/wamp/www/calendar/" local="129848024400000000" remote="129848024400000000" Dst="2" />
<file name="sprite_x.png" server="C:/wamp/www/calendar/" local="129848024400000000" remote="129848024400000000" Dst="2" />
<file name="sprite_y.png" server="C:/wamp/www/calendar/" local="129848024420000000" remote="129848024420000000" Dst="2" />
<file name="default_thumb.png" server="C:/wamp/www/accommodation/" local="129848024360000000" remote="129848024360000000" Dst="2" />
<file name="loader.gif" server="C:/wamp/www/accommodation/" local="129848024380000000" remote="129848024380000000" Dst="2" />
<file name="sprite.png" server="C:/wamp/www/accommodation/" local="129848024420000000" remote="129848024420000000" Dst="2" />
<file name="sprite_next.png" server="C:/wamp/www/accommodation/" local="129848024380000000" remote="129848024380000000" Dst="2" />
<file name="sprite_prev.png" server="C:/wamp/www/accommodation/" local="129848024400000000" remote="129848024400000000" Dst="2" />
<file name="sprite_x.png" server="C:/wamp/www/accommodation/" local="129848024400000000" remote="129848024400000000" Dst="2" />
<file name="sprite_y.png" server="C:/wamp/www/accommodation/" local="129848024420000000" remote="129848024420000000" Dst="2" />
</dwsync>