<?xml version="1.0" encoding="utf-8" ?>
<dwsync>
<file name="jquery.min.js" server="C:/xampp/htdocs/ass_sub/" local="131162495568292037" remote="131162495560000000" Dst="0" />
<file name="ddsmoothmenu.js" server="C:/xampp/htdocs/ass_sub/" local="129333835820000000" remote="129333835820000000" Dst="0" />
<file name="piroBox.1_2.js" server="C:/xampp/htdocs/ass_sub/" local="129348054440000000" remote="129348054440000000" Dst="0" />
<file name="jquery.min.js" server="C:/wamp/www/calendar/" local="131162495580000000" remote="131162495580000000" Dst="2" />
<file name="ddsmoothmenu.js" server="C:/wamp/www/calendar/" local="129333835820000000" remote="129333835820000000" Dst="2" />
<file name="piroBox.1_2.js" server="C:/wamp/www/calendar/" local="129348054440000000" remote="129348054440000000" Dst="2" />
<file name="jquery.min.js" server="C:/wamp/www/card/" local="131162495580000000" remote="131162495580000000" Dst="1" />
<file name="ddsmoothmenu.js" server="C:/wamp/www/card/" local="129333835820000000" remote="129333835820000000" Dst="1" />
<file name="jquery.min.js" server="C:/wamp/www/CARIAL/" local="131162495580000000" remote="131162495580000000" Dst="1" />
<file name="ddsmoothmenu.js" server="C:/wamp/www/CARIAL/" local="129333835820000000" remote="129333835820000000" Dst="1" />
<file name="jquery.min.js" server="C:/wamp/www/advanceportal/" local="131162495580000000" remote="131162495580000000" Dst="2" />
<file name="ddsmoothmenu.js" server="C:/wamp/www/advanceportal/" local="129333835820000000" remote="129333835820000000" Dst="2" />
<file name="ddsmoothmenu.js" server="C:/wamp/www/accommodation/" local="129333835820000000" remote="129333835820000000" Dst="2" />
<file name="jquery.min.js" server="C:/wamp/www/accommodation/" local="131162495580000000" remote="131162495580000000" Dst="2" />
<file name="piroBox.1_2.js" server="C:/wamp/www/accommodation/" local="129348054440000000" remote="129348054440000000" Dst="2" />
</dwsync>