<?xml version="1.0" encoding="utf-8" ?>
<dwsync>
<file name="01.jpg" server="C:/xampp/htdocs/ass_sub/" local="129389331800000000" remote="129389331800000000" Dst="0" />
<file name="02.jpg" server="C:/xampp/htdocs/ass_sub/" local="129389332180000000" remote="129389332180000000" Dst="0" />
<file name="03.jpg" server="C:/xampp/htdocs/ass_sub/" local="129389333120000000" remote="129389333120000000" Dst="0" />
<file name="04.jpg" server="C:/xampp/htdocs/ass_sub/" local="129389332320000000" remote="129389332320000000" Dst="0" />
<file name="05.jpg" server="C:/xampp/htdocs/ass_sub/" local="129389332840000000" remote="129389332840000000" Dst="0" />
<file name="06.jpg" server="C:/xampp/htdocs/ass_sub/" local="129389332500000000" remote="129389332500000000" Dst="0" />
<file name="07.jpg" server="C:/xampp/htdocs/ass_sub/" local="129389333020000000" remote="129389333020000000" Dst="0" />
<file name="08.jpg" server="C:/xampp/htdocs/ass_sub/" local="129389333260000000" remote="129389333260000000" Dst="0" />
<file name="09.jpg" server="C:/xampp/htdocs/ass_sub/" local="129389333640000000" remote="129389333640000000" Dst="0" />
<file name="10.jpg" server="C:/xampp/htdocs/ass_sub/" local="129389333760000000" remote="129389333760000000" Dst="0" />
<file name="11.jpg" server="C:/xampp/htdocs/ass_sub/" local="129389333860000000" remote="129389333860000000" Dst="0" />
<file name="12.jpg" server="C:/xampp/htdocs/ass_sub/" local="129389334000000000" remote="129389334000000000" Dst="0" />
<file name="13.jpg" server="C:/xampp/htdocs/ass_sub/" local="129389334340000000" remote="129389334340000000" Dst="0" />
<file name="14.jpg" server="C:/xampp/htdocs/ass_sub/" local="129389334780000000" remote="129389334780000000" Dst="0" />
<file name="15.jpg" server="C:/xampp/htdocs/ass_sub/" local="129389334900000000" remote="129389334900000000" Dst="0" />
<file name="01.jpg" server="C:/wamp/www/calendar/" local="129389331800000000" remote="129389331800000000" Dst="2" />
<file name="02.jpg" server="C:/wamp/www/calendar/" local="129389332180000000" remote="129389332180000000" Dst="2" />
<file name="03.jpg" server="C:/wamp/www/calendar/" local="129389333120000000" remote="129389333120000000" Dst="2" />
<file name="04.jpg" server="C:/wamp/www/calendar/" local="129389332320000000" remote="129389332320000000" Dst="2" />
<file name="05.jpg" server="C:/wamp/www/calendar/" local="129389332840000000" remote="129389332840000000" Dst="2" />
<file name="06.jpg" server="C:/wamp/www/calendar/" local="129389332500000000" remote="129389332500000000" Dst="2" />
<file name="07.jpg" server="C:/wamp/www/calendar/" local="129389333020000000" remote="129389333020000000" Dst="2" />
<file name="08.jpg" server="C:/wamp/www/calendar/" local="129389333260000000" remote="129389333260000000" Dst="2" />
<file name="09.jpg" server="C:/wamp/www/calendar/" local="129389333640000000" remote="129389333640000000" Dst="2" />
<file name="10.jpg" server="C:/wamp/www/calendar/" local="129389333760000000" remote="129389333760000000" Dst="2" />
<file name="11.jpg" server="C:/wamp/www/calendar/" local="129389333860000000" remote="129389333860000000" Dst="2" />
<file name="12.jpg" server="C:/wamp/www/calendar/" local="129389334000000000" remote="129389334000000000" Dst="2" />
<file name="13.jpg" server="C:/wamp/www/calendar/" local="129389334340000000" remote="129389334340000000" Dst="2" />
<file name="14.jpg" server="C:/wamp/www/calendar/" local="129389334780000000" remote="129389334780000000" Dst="2" />
<file name="15.jpg" server="C:/wamp/www/calendar/" local="129389334900000000" remote="129389334900000000" Dst="2" />
<file name="01.jpg" server="C:/wamp/www/accommodation/" local="129389331800000000" remote="129389331800000000" Dst="2" />
<file name="02.jpg" server="C:/wamp/www/accommodation/" local="129389332180000000" remote="129389332180000000" Dst="2" />
<file name="03.jpg" server="C:/wamp/www/accommodation/" local="129389333120000000" remote="129389333120000000" Dst="2" />
<file name="04.jpg" server="C:/wamp/www/accommodation/" local="129389332320000000" remote="129389332320000000" Dst="2" />
<file name="05.jpg" server="C:/wamp/www/accommodation/" local="129389332840000000" remote="129389332840000000" Dst="2" />
<file name="06.jpg" server="C:/wamp/www/accommodation/" local="129389332500000000" remote="129389332500000000" Dst="2" />
<file name="07.jpg" server="C:/wamp/www/accommodation/" local="129389333020000000" remote="129389333020000000" Dst="2" />
<file name="08.jpg" server="C:/wamp/www/accommodation/" local="129389333260000000" remote="129389333260000000" Dst="2" />
<file name="09.jpg" server="C:/wamp/www/accommodation/" local="129389333640000000" remote="129389333640000000" Dst="2" />
<file name="10.jpg" server="C:/wamp/www/accommodation/" local="129389333760000000" remote="129389333760000000" Dst="2" />
<file name="11.jpg" server="C:/wamp/www/accommodation/" local="129389333860000000" remote="129389333860000000" Dst="2" />
<file name="12.jpg" server="C:/wamp/www/accommodation/" local="129389334000000000" remote="129389334000000000" Dst="2" />
<file name="13.jpg" server="C:/wamp/www/accommodation/" local="129389334340000000" remote="129389334340000000" Dst="2" />
<file name="14.jpg" server="C:/wamp/www/accommodation/" local="129389334780000000" remote="129389334780000000" Dst="2" />
<file name="15.jpg" server="C:/wamp/www/accommodation/" local="129389334900000000" remote="129389334900000000" Dst="2" />
</dwsync>