<?xml version="1.0" encoding="utf-8" ?>
<dwsync>
<file name="01.jpg" server="C:/xampp/htdocs/ass_sub/" local="129396748960000000" remote="129396748960000000" Dst="0" />
<file name="02.jpg" server="C:/xampp/htdocs/ass_sub/" local="129396749080000000" remote="129396749080000000" Dst="0" />
<file name="03.jpg" server="C:/xampp/htdocs/ass_sub/" local="129396748700000000" remote="129396748700000000" Dst="0" />
<file name="01.jpg" server="C:/wamp/www/calendar/" local="129396748960000000" remote="129396748960000000" Dst="2" />
<file name="02.jpg" server="C:/wamp/www/calendar/" local="129396749080000000" remote="129396749080000000" Dst="2" />
<file name="03.jpg" server="C:/wamp/www/calendar/" local="129396748700000000" remote="129396748700000000" Dst="2" />
<file name="Admin Block Cabs-tn.JPG" server="C:/wamp/www/calendar/" local="131254823051840862" remote="131254823050000000" Dst="2" />
<file name="Admin Block Cabs.JPG" server="C:/wamp/www/calendar/" local="131254823051840862" remote="131254823050000000" Dst="2" />
<file name="Library Zungeru-tn.jpg" server="C:/wamp/www/calendar/" local="131254823052271149" remote="131254823050000000" Dst="2" />
<file name="Library Zungeru.jpg" server="C:/wamp/www/calendar/" local="131254823052271149" remote="131254823050000000" Dst="2" />
<file name="Main Gate Zungeru-tn.JPG" server="C:/wamp/www/calendar/" local="131162095400000000" remote="131162095400000000" Dst="2" />
<file name="Main Gate Zungeru.JPG" server="C:/wamp/www/calendar/" local="130530258700000000" remote="130530258700000000" Dst="2" />
<file name="01.jpg" server="C:/wamp/www/accommodation/" local="129396748960000000" remote="129396748960000000" Dst="2" />
<file name="02.jpg" server="C:/wamp/www/accommodation/" local="129396749080000000" remote="129396749080000000" Dst="2" />
<file name="03.jpg" server="C:/wamp/www/accommodation/" local="129396748700000000" remote="129396748700000000" Dst="2" />
<file name="Admin Block Cabs-tn.JPG" server="C:/wamp/www/accommodation/" local="131254823051840862" remote="131254823050000000" Dst="2" />
<file name="Admin Block Cabs.JPG" server="C:/wamp/www/accommodation/" local="131254823051840862" remote="131254823050000000" Dst="2" />
<file name="Library Zungeru-tn.jpg" server="C:/wamp/www/accommodation/" local="131254823052271149" remote="131254823050000000" Dst="2" />
<file name="Library Zungeru.jpg" server="C:/wamp/www/accommodation/" local="131254823052271149" remote="131254823050000000" Dst="2" />
<file name="Main Gate Zungeru-tn.JPG" server="C:/wamp/www/accommodation/" local="131162095400000000" remote="131162095400000000" Dst="2" />
<file name="Main Gate Zungeru.JPG" server="C:/wamp/www/accommodation/" local="130530258700000000" remote="130530258700000000" Dst="2" />
</dwsync>