<?xml version="1.0" encoding="utf-8" ?>
<dwsync>
<file name="swfobject.js" server="C:/xampp/htdocs/ass_sub/" local="128823977380000000" remote="128823977380000000" Dst="0" />
<file name="expressinstall.swf" server="C:/xampp/htdocs/ass_sub/" local="128823977380000000" remote="128823977380000000" Dst="0" />
<file name="swfobject.js" server="C:/wamp/www/calendar/" local="128823977380000000" remote="128823977380000000" Dst="2" />
<file name="expressinstall.swf" server="C:/wamp/www/calendar/" local="128823977380000000" remote="128823977380000000" Dst="2" />
<file name="swfobject.js" server="C:/wamp/www/card/" local="128823977380000000" remote="128823977380000000" Dst="1" />
<file name="swfobject.js" server="C:/wamp/www/CARIAL/" local="128823977380000000" remote="128823977380000000" Dst="1" />
<file name="swfobject.js" server="C:/wamp/www/advanceportal/" local="128823977380000000" remote="128823977380000000" Dst="2" />
<file name="expressinstall.swf" server="C:/wamp/www/accommodation/" local="128823977380000000" remote="128823977380000000" Dst="2" />
<file name="swfobject.js" server="C:/wamp/www/accommodation/" local="128823977380000000" remote="128823977380000000" Dst="2" />
</dwsync>